id,date_posted,job_role ,job_desc,salary,years_of_exp,employ_id,company_name,company_email
10000,2021-02-03,PRODUCT DEVELOPMENT LEAD,Be in charge of product development and determine product specification for each production stages.,29976,2,10057,C. V. PTE LTD,CV_ADMIN@cvmail.com
10001,2021-07-12,PROJECT MANAGER,Ensure delivery of project. Ensure timeline of projects are closely followed. Stakeholder management in case of problems encountered during project.,59508,1,10069,S. H. PTE LTD,SH_ADMIN@shmail.com
10002,2021-10-10,CHIEF ENGINEER,Study and understand the issues surround a problem,30144,6,10079,Q. H. PTE LTD,QH_ADMIN@qhmail.com
10003,2021-09-04,ACCOUNT MANAGER,Manage accounting tasks and timeline. Prepare accounting checks and update accounting presentation slides.,75264,8,10059,W. Q. PTE LTD,WQ_ADMIN@wqmail.com
10004,2021-05-08,GAME DEVELOPER,Build and design mobile game for cater to diverse gamers communities. Implement game features following tight development timeline.,28536,4,10066,E. M. PTE LTD,EM_ADMIN@emmail.com
10005,2021-07-24,CHIEF INNOVATION OFFICER,Deliver and lead conferences in innovative development,31704,10,10071,Y. J. PTE LTD,YJ_ADMIN@yjmail.com
10006,2021-08-27,CHIEF ANIMATOR,Deliver timely animation work tasks. Draw up production timeline and manage animation development team.,30696,5,10057,C. V. PTE LTD,CV_ADMIN@cvmail.com
10007,2021-05-06,PRODUCT DEVELOPER,Onsite maintenance for ongoing product development. Test product reliability and functionalities.,29364,2,10069,S. H. PTE LTD,SH_ADMIN@shmail.com
10008,2021-07-17,PROJECT MANAGER,Ensure delivery of project. Ensure timeline of projects are closely followed. Stakeholder management in case of problems encountered during project.,52896,2,10083,T. J. PTE LTD,TJ_ADMIN@tjmail.com
10009,2021-07-19,PRODUCT MANAGER,Coordinate product development projects with team of product engineers.,48744,2,10068,T. N. PTE LTD,TN_ADMIN@tnmail.com
10010,2021-07-10,DESIGNER DIRECTOR,Transform the art and design landscape. Spearhead bold and innovative design projects.,61968,2,10061,D. G. PTE LTD,DG_ADMIN@dgmail.com
10011,2021-02-23,GRAPHICS DESIGNER,Design visual communication materials. Produce company marketing graphics and support in crafting emailer.,80892,6,10088,Y. Y. PTE LTD,YY_ADMIN@yymail.com
10012,2021-08-22,SALES STRATEGY LEAD,Open up previously inaccessible sales channels and negotiate contractual terms and establish long term goals for company sales strategies.,66780,7,10044,B. J. PTE LTD,BJ_ADMIN@bjmail.com
10013,2021-11-27,FULLSTACK DEVELOPER,Build both front and back-end web application. Work with web designers and database managers in the development.,81624,5,10073,H. C. PTE LTD,HC_ADMIN@hcmail.com
10014,2021-03-14,HUMAN RESOURCE EXECUTIVE,HeadHunt for talents and recommend matching jobs. Ensure payroll and employee data are properly recorded.,47316,5,10087,I. I. PTE LTD,II_ADMIN@iimail.com
10015,2021-02-05,WEB DEVELOPER,Create web application. Build web front-end. Coordinate with backend. Use design tools. Maintain website deployment process.,49368,3,10072,N. V. PTE LTD,NV_ADMIN@nvmail.com
10016,2021-10-04,RESEARCHER,Conduct research on social statistics. Analyse and discover insights to research findings. Report findings by publishing in international journals.,68892,6,10062,X. M. PTE LTD,XM_ADMIN@xmmail.com
10017,2021-05-05,CHIEF SECURITY OFFICER,Implement Cybersecurity plan. Conduct training for best practices in cybesecurities.,30876,6,10050,I. Y. PTE LTD,IY_ADMIN@iymail.com
10018,2021-08-06,MUSIC THERAPIST,Design music programme and activities.  Conduct talk for raising awareness in music therapies.,63804,4,10081,P. V. PTE LTD,PV_ADMIN@pvmail.com
10019,2021-07-27,DATA SPECIALIST,Ensure integrity of data. Continuously explore new data insights and expand on data horizons. Generate new development pathways based on data findings.,83544,1,10062,X. M. PTE LTD,XM_ADMIN@xmmail.com
10020,2021-10-13,SENIOR UI/UX DEVELOPER,Mentor younger UI/UX developers. Design customer-centric web and mobile app user interfaces.,51336,0,10045,M. L. PTE LTD,ML_ADMIN@mlmail.com
10021,2021-10-27,PROGRAMMING TRAINER,Conduct training in multiple programming languages. Prepare training curriculum and and training materials. Coordinate training schedules with trainees.,60012,9,10083,T. J. PTE LTD,TJ_ADMIN@tjmail.com
10022,2021-11-27,PROJECT ADMINISTRATOR,Track product development. Assist project manager in administrative tasks like form submissions and presentation slides and preparation materials.,63180,8,10060,C. U. PTE LTD,CU_ADMIN@cumail.com
10023,2021-12-27,FINTECH ENGINEER,Engineer financial products and problem-solve challenges in fintech.,32628,1,10083,T. J. PTE LTD,TJ_ADMIN@tjmail.com
10024,2021-10-24,PRODUCT MANAGER,Coordinate product development projects with team of product engineers.,57504,9,10067,P. E. PTE LTD,PE_ADMIN@pemail.com
10025,2021-11-17,SENIOR SALES MANAGER,Strategize sales program. Partner with company's long term clients and develop continuous clientele relation.,78252,5,10074,D. H. PTE LTD,DH_ADMIN@dhmail.com
10026,2021-12-15,GAME ARCHITECT,Design and innovate and transform existing games. Propose and design game logics and winning criteria.,31632,1,10060,C. U. PTE LTD,CU_ADMIN@cumail.com
10027,2021-04-28,GAME DEVELOPER,Build and design mobile game for cater to diverse gamers communities. Implement game features following tight development timeline.,75696,5,10090,A. A. PTE LTD,AA_ADMIN@aamail.com
10028,2021-01-28,CHIEF TECHNOLOGY OFFICER,Deliver and lead conferences in innovative development. Draw up technology transformation roadmap.,63324,5,10078,R. N. PTE LTD,RN_ADMIN@rnmail.com
10029,2021-04-02,CHIEF MARKETING OFFICER,Develop annual marketing strategy. Forecast and identify growth potential areas. Study and propose strategies for expanding sales market.,54972,4,10051,S. I. PTE LTD,SI_ADMIN@simail.com
10030,2021-09-07,MOBILE APP DEVELOPER,Design and maintain company app. Design and implement new and refreshing mobile app user interface.,37968,1,10090,A. A. PTE LTD,AA_ADMIN@aamail.com
10031,2021-07-15,CHIEF INNOVATION OFFICER,Deliver and lead conferences in innovative development,52764,6,10065,L. C. PTE LTD,LC_ADMIN@lcmail.com
10032,2021-03-20,FRONTEND DEVELOPER,Use design tools and draw up design wireframes. Pull and source of new and refreshing design resources.,61164,6,10054,P. V. PTE LTD,PV_ADMIN@pvmail.com
10033,2021-11-23,WEB DEVELOPER,Create web application. Build web front-end. Coordinate with backend. Use design tools. Maintain website deployment process.,41592,4,10066,E. M. PTE LTD,EM_ADMIN@emmail.com
10034,2021-03-07,SENIOR DATABASE MANAGER,Build and maintain database systems. Source for new database systems and monitor database migration procedure and processes.,56256,8,10077,K. Y. PTE LTD,KY_ADMIN@kymail.com
10035,2021-07-12,PRODUCT MANAGER,Coordinate product development projects with team of product engineers.,53844,9,10083,T. J. PTE LTD,TJ_ADMIN@tjmail.com
10036,2021-10-06,SENIOR PRODUCT ENGINEER,Problem solving and troubleshooting. Oversee up and coming product development projects and support in ensuring smooth delivery of new launches.,40764,8,10069,S. H. PTE LTD,SH_ADMIN@shmail.com
10037,2021-12-18,PROJECT LEAD,Be in charge of project delivery. Check with all parties and lay out project timelines.,30768,7,10045,M. L. PTE LTD,ML_ADMIN@mlmail.com
10038,2021-09-20,OPERATION MANAGER,Collaboration with agencies. Maintain production schedule and ensure manufacturing parts are ready for production.,50088,2,10054,P. V. PTE LTD,PV_ADMIN@pvmail.com
10039,2021-04-11,ACCOUNT MANAGER,Manage accounting tasks and timeline. Prepare accounting checks and update accounting presentation slides.,24144,6,10043,Y. T. PTE LTD,YT_ADMIN@ytmail.com
10040,2021-06-07,SENIOR SOFTWARE DEVELOPER,Clean code and architecture. Conduct unit tests and debug common programming errors.,30960,10,10089,I. W. PTE LTD,IW_ADMIN@iwmail.com
10041,2021-04-20,CHIEF OF SALES AND MARKETING,Oversee both sales and marketing branches and improving synergy and develop new communication channels for product launches.,39492,10,10042,V. K. PTE LTD,VK_ADMIN@vkmail.com
10042,2021-01-25,SOFTWARE ENGINEER,Design and create desktop application. Improve information flow in applications. Improve existing software designs and business logics.,34332,6,10061,D. G. PTE LTD,DG_ADMIN@dgmail.com
10043,2021-03-12,DATA SPECIALIST,Ensure integrity of data. Continuously explore new data insights and expand on data horizons. Generate new development pathways based on data findings.,65568,4,10081,P. V. PTE LTD,PV_ADMIN@pvmail.com
10044,2021-02-02,PROGRAMMING TRAINER,Conduct training in multiple programming languages. Prepare training curriculum and and training materials. Coordinate training schedules with trainees.,35412,6,10052,M. R. PTE LTD,MR_ADMIN@mrmail.com
10045,2021-07-26,SENIOR FULLSTACK DEVELOPER,Conduct mentoring sessions in web development and backend development. Share experiences and support developers in training development,49764,3,10050,I. Y. PTE LTD,IY_ADMIN@iymail.com
10046,2021-03-10,SOFTWARE ENGINEER,Design and create desktop application. Improve information flow in applications. Improve existing software designs and business logics.,35304,9,10067,P. E. PTE LTD,PE_ADMIN@pemail.com
10047,2021-07-14,GRAPHICS DESIGNER,Design visual communication materials. Produce company marketing graphics and support in crafting emailer.,37764,1,10070,U. Y. PTE LTD,UY_ADMIN@uymail.com
10048,2021-10-06,CHIEF OPERATION OFFICER,Supervise and guide the team in achieving productivity. ,43224,5,10046,L. J. PTE LTD,LJ_ADMIN@ljmail.com
10049,2021-08-11,CHIEF TECHNOLOGY ENGINEER,Deliver and lead conferences in innovative development. Overall in charge of all company digital transformation plans.,38892,0,10064,V. J. PTE LTD,VJ_ADMIN@vjmail.com
10050,2021-09-24,CHIEF COMMUNICATION OFFICER,Communicate with agencies. Draw up communication timeline for new development and prepare users for launch information.,64536,2,10076,S. P. PTE LTD,SP_ADMIN@spmail.com
10051,2021-01-21,SENIOR PRODUCT ENGINEER,Problem solving and troubleshooting. Oversee up and coming product development projects and support in ensuring smooth delivery of new launches.,69480,8,10088,Y. Y. PTE LTD,YY_ADMIN@yymail.com
10052,2021-11-17,DATA ANALYST,Collect and analyse data. Present data findings and suggest appropriate reasons for the findings. Propose or advice on any improvement to be made on existing deliverables.,25380,7,10084,Q. V. PTE LTD,QV_ADMIN@qvmail.com
10053,2021-01-04,ACCOUNT MANAGER,Manage accounting tasks and timeline. Prepare accounting checks and update accounting presentation slides.,54516,7,10081,P. V. PTE LTD,PV_ADMIN@pvmail.com
10054,2021-09-07,NETWORK ADMINISTRATOR,Monitor network data. Draw out network mappings and maintain network address. Assist network manager in administrative tasks like account managements.,83136,8,10082,V. Q. PTE LTD,VQ_ADMIN@vqmail.com
10055,2021-10-11,DESIGNER DIRECTOR,Transform the art and design landscape. Spearhead bold and innovative design projects.,77652,1,10074,D. H. PTE LTD,DH_ADMIN@dhmail.com
10056,2021-11-13,CHIEF TECHNOLOGY OFFICER,Deliver and lead conferences in innovative development. Draw up technology transformation roadmap.,74616,0,10075,C. K. PTE LTD,CK_ADMIN@ckmail.com
10057,2021-03-26,SENIOR SOFTWARE ENGINEER,Manage a team of engineers. Assist software manager in scheduling software maintenance cycles and processes.,36672,5,10082,V. Q. PTE LTD,VQ_ADMIN@vqmail.com
10058,2021-12-03,NETWORK ADMINISTRATOR,Monitor network data. Draw out network mappings and maintain network address. Assist network manager in administrative tasks like account managements.,68532,4,10058,V. Q. PTE LTD,VQ_ADMIN@vqmail.com
10059,2021-04-13,CHIEF COMMUNICATION OFFICER,Communicate with agencies. Draw up communication timeline for new development and prepare users for launch information.,57516,3,10056,Y. Q. PTE LTD,YQ_ADMIN@yqmail.com
10060,2021-07-01,RESEARCHER,Conduct research on social statistics. Analyse and discover insights to research findings. Report findings by publishing in international journals.,77580,3,10047,O. J. PTE LTD,OJ_ADMIN@ojmail.com
10061,2021-02-07,PROJECT MANAGER,Ensure delivery of project. Ensure timeline of projects are closely followed. Stakeholder management in case of problems encountered during project.,39912,8,10060,C. U. PTE LTD,CU_ADMIN@cumail.com
10062,2021-03-22,CHIEF SECURITY OFFICER,Implement Cybersecurity plan. Conduct training for best practices in cybesecurities.,52584,2,10084,Q. V. PTE LTD,QV_ADMIN@qvmail.com
10063,2021-12-02,CUSTOMER RELATION OFFICER,Coordinate with clients. Problem solve issues raised by customers and and support in the tracking and communication of requests from customers.,46248,10,10051,S. I. PTE LTD,SI_ADMIN@simail.com
10064,2021-01-03,DATABASE ADMINISTRATOR,Maintain database and manage database. Check integrity of data. Carry out database batch processes. Remove expired data.,42204,3,10042,V. K. PTE LTD,VK_ADMIN@vkmail.com
10065,2021-12-03,ART THERAPIST,Design art programme and activities. Conduct talk for raising awareness in art therapies.,47208,1,10087,I. I. PTE LTD,II_ADMIN@iimail.com
10066,2021-06-09,DESIGNER DIRECTOR,Transform the art and design landscape. Spearhead bold and innovative design projects.,33960,1,10072,N. V. PTE LTD,NV_ADMIN@nvmail.com
10067,2021-12-24,SENIOR DATABASE MANAGER,Build and maintain database systems. Source for new database systems and monitor database migration procedure and processes.,38232,0,10068,T. N. PTE LTD,TN_ADMIN@tnmail.com
10068,2021-07-20,SALES MANAGER,Identify sales opportunities. Monitor sales data and identify sales trends. Analyse and recommend sales highlights.,69456,1,10072,N. V. PTE LTD,NV_ADMIN@nvmail.com
10069,2021-02-03,CHIEF PROCUREMENT OFFICER,Ensure proper procurement practices across all departments.,72528,1,10051,S. I. PTE LTD,SI_ADMIN@simail.com
10070,2021-05-09,FULLSTACK DEVELOPER,Build both front and back-end web application. Work with web designers and database managers in the development.,61908,8,10075,C. K. PTE LTD,CK_ADMIN@ckmail.com
10071,2021-09-11,CHIEF TECHNOLOGY OFFICER,Deliver and lead conferences in innovative development. Draw up technology transformation roadmap.,24660,0,10043,Y. T. PTE LTD,YT_ADMIN@ytmail.com
10072,2021-02-05,ACCOUNT MANAGER,Manage accounting tasks and timeline. Prepare accounting checks and update accounting presentation slides.,52848,1,10055,O. X. PTE LTD,OX_ADMIN@oxmail.com
10073,2021-10-17,MUSIC THERAPIST,Design music programme and activities.  Conduct talk for raising awareness in music therapies.,72840,9,10073,H. C. PTE LTD,HC_ADMIN@hcmail.com
10074,2021-01-26,WEB DEVELOPER,Create web application. Build web front-end. Coordinate with backend. Use design tools. Maintain website deployment process.,59268,4,10056,Y. Q. PTE LTD,YQ_ADMIN@yqmail.com
10075,2021-01-28,SENIOR SALES MANAGER,Strategize sales program. Partner with company's long term clients and develop continuous clientele relation.,41268,7,10079,Q. H. PTE LTD,QH_ADMIN@qhmail.com
10076,2021-06-02,ART THERAPIST,Design art programme and activities. Conduct talk for raising awareness in art therapies.,39504,3,10084,Q. V. PTE LTD,QV_ADMIN@qvmail.com
10077,2021-05-19,FULLSTACK DEVELOPER,Build both front and back-end web application. Work with web designers and database managers in the development.,40872,1,10091,A. A. PTE LTD,AA_ADMIN@aamail.com
10078,2021-10-28,GRAPHICS DESIGNER,Design visual communication materials. Produce company marketing graphics and support in crafting emailer.,83040,6,10043,Y. T. PTE LTD,YT_ADMIN@ytmail.com
10079,2021-03-04,HUMAN RESOURCE EXECUTIVE,HeadHunt for talents and recommend matching jobs. Ensure payroll and employee data are properly recorded.,70248,8,10061,D. G. PTE LTD,DG_ADMIN@dgmail.com
10080,2021-06-09,PROGRAMMING TRAINER,Conduct training in multiple programming languages. Prepare training curriculum and and training materials. Coordinate training schedules with trainees.,33972,3,10044,B. J. PTE LTD,BJ_ADMIN@bjmail.com
10081,2021-06-10,PRODUCT MANAGER,Coordinate product development projects with team of product engineers.,80376,6,10068,T. N. PTE LTD,TN_ADMIN@tnmail.com
10082,2021-12-28,CHIEF SECURITY OFFICER,Implement Cybersecurity plan. Conduct training for best practices in cybesecurities.,29652,6,10059,W. Q. PTE LTD,WQ_ADMIN@wqmail.com
10083,2021-11-01,PROCUREMENT OFFICER,Outsource services. Liaise with vendor to obtain quotation for annual procurement of company purchases.,74340,0,10066,E. M. PTE LTD,EM_ADMIN@emmail.com
10084,2021-05-15,GAME ARCHITECT,Design and innovate and transform existing games. Propose and design game logics and winning criteria.,51192,3,10045,M. L. PTE LTD,ML_ADMIN@mlmail.com
10085,2021-03-21,ART THERAPIST,Design art programme and activities. Conduct talk for raising awareness in art therapies.,55704,6,10043,Y. T. PTE LTD,YT_ADMIN@ytmail.com
10086,2021-06-19,SENIOR SALES MANAGER,Strategize sales program. Partner with company's long term clients and develop continuous clientele relation.,44316,7,10087,I. I. PTE LTD,II_ADMIN@iimail.com
10087,2021-09-16,SENIOR AUDITOR,Audit compliance. Highlight malpractice in accounting. Propose improvement in accounting practices.,67728,8,10057,C. V. PTE LTD,CV_ADMIN@cvmail.com
10088,2021-10-02,CHIEF TECHNOLOGY ENGINEER,Deliver and lead conferences in innovative development. Overall in charge of all company digital transformation plans.,75660,3,10048,L. B. PTE LTD,LB_ADMIN@lbmail.com
10089,2021-04-16,CUSTOMER RELATION OFFICER,Coordinate with clients. Problem solve issues raised by customers and and support in the tracking and communication of requests from customers.,35400,9,10055,O. X. PTE LTD,OX_ADMIN@oxmail.com
10090,2021-08-14,CUSTOMER RELATION OFFICER,Coordinate with clients. Problem solve issues raised by customers and and support in the tracking and communication of requests from customers.,67692,4,10080,K. W. PTE LTD,KW_ADMIN@kwmail.com
10091,2021-06-25,MOBILE APP DEVELOPER,Design and maintain company app. Design and implement new and refreshing mobile app user interface.,81948,10,10071,Y. J. PTE LTD,YJ_ADMIN@yjmail.com
10092,2021-06-27,PRODUCT DEVELOPER,Onsite maintenance for ongoing product development. Test product reliability and functionalities.,77100,1,10062,X. M. PTE LTD,XM_ADMIN@xmmail.com
10093,2021-12-14,SENIOR PROJECT MANAGER,Compute sales and revenue and balance sheet. Ensure stakeholder management.,71688,8,10079,Q. H. PTE LTD,QH_ADMIN@qhmail.com
10094,2021-07-06,DATA ANALYST,Collect and analyse data. Present data findings and suggest appropriate reasons for the findings. Propose or advice on any improvement to be made on existing deliverables.,69144,10,10079,Q. H. PTE LTD,QH_ADMIN@qhmail.com
10095,2021-03-01,CHIEF INNOVATION OFFICER,Deliver and lead conferences in innovative development,41796,3,10042,V. K. PTE LTD,VK_ADMIN@vkmail.com
10096,2021-07-16,SALES MANAGER,Identify sales opportunities. Monitor sales data and identify sales trends. Analyse and recommend sales highlights.,77508,4,10089,I. W. PTE LTD,IW_ADMIN@iwmail.com
10097,2021-06-16,DATA SPECIALIST,Ensure integrity of data. Continuously explore new data insights and expand on data horizons. Generate new development pathways based on data findings.,58308,8,10062,X. M. PTE LTD,XM_ADMIN@xmmail.com
10098,2021-06-23,MOBILE APP DEVELOPER,Design and maintain company app. Design and implement new and refreshing mobile app user interface.,48144,7,10053,T. U. PTE LTD,TU_ADMIN@tumail.com
10099,2021-04-27,CHIEF OF SALES AND MARKETING,Oversee both sales and marketing branches and improving synergy and develop new communication channels for product launches.,38244,1,10067,P. E. PTE LTD,PE_ADMIN@pemail.com
10100,2021-08-22,CHIEF OF DESIGN,Transform the art and design landscape. Spearhead bold and innovative design projects.,46236,6,10065,L. C. PTE LTD,LC_ADMIN@lcmail.com
10101,2021-12-05,GAME ARCHITECT,Design and innovate and transform existing games. Propose and design game logics and winning criteria.,80292,5,10048,L. B. PTE LTD,LB_ADMIN@lbmail.com
10102,2021-06-16,CONTENT PRODUCER,Deliver content in a fast-paced environment. Analyse information on the go and work with chief editor in delivering a company-styled news content.,40188,8,10067,P. E. PTE LTD,PE_ADMIN@pemail.com
10103,2021-12-08,PRODUCT DEVELOPMENT LEAD,Be in charge of product development and determine product specification for each production stages.,65484,8,10088,Y. Y. PTE LTD,YY_ADMIN@yymail.com
10104,2021-07-18,WEB DESIGNER,Create web application. Build web front-end. Coordinate with backend. Use design tools. Maintain website deployment process.,43044,4,10087,I. I. PTE LTD,II_ADMIN@iimail.com
10105,2021-03-06,PROGRAMMING TRAINER,Conduct training in multiple programming languages. Prepare training curriculum and and training materials. Coordinate training schedules with trainees.,35520,8,10052,M. R. PTE LTD,MR_ADMIN@mrmail.com
10106,2021-06-18,SENIOR WEB DEVELOPER,Mentor younger web developers. Support and organise training in new web technologies.,73320,0,10060,C. U. PTE LTD,CU_ADMIN@cumail.com
10107,2021-01-28,CHIEF INNOVATION OFFICER,Deliver and lead conferences in innovative development,74124,4,10049,O. K. PTE LTD,OK_ADMIN@okmail.com
10108,2021-12-23,PRODUCT DEVELOPMENT LEAD,Be in charge of product development and determine product specification for each production stages.,31344,3,10045,M. L. PTE LTD,ML_ADMIN@mlmail.com
10109,2021-07-02,FINTECH ENGINEER,Engineer financial products and problem-solve challenges in fintech.,52452,2,10079,Q. H. PTE LTD,QH_ADMIN@qhmail.com
10110,2021-04-10,RESEARCHER,Conduct research on social statistics. Analyse and discover insights to research findings. Report findings by publishing in international journals.,30372,7,10053,T. U. PTE LTD,TU_ADMIN@tumail.com
10111,2021-02-21,FRONTEND DEVELOPER,Use design tools and draw up design wireframes. Pull and source of new and refreshing design resources.,50412,3,10047,O. J. PTE LTD,OJ_ADMIN@ojmail.com
10112,2021-07-21,RESEARCHER,Conduct research on social statistics. Analyse and discover insights to research findings. Report findings by publishing in international journals.,42768,10,10078,R. N. PTE LTD,RN_ADMIN@rnmail.com
10113,2021-04-25,DATA ANALYST,Collect and analyse data. Present data findings and suggest appropriate reasons for the findings. Propose or advice on any improvement to be made on existing deliverables.,77928,5,10057,C. V. PTE LTD,CV_ADMIN@cvmail.com
10114,2021-04-06,CHIEF TECHNOLOGY OFFICER,Deliver and lead conferences in innovative development. Draw up technology transformation roadmap.,49224,2,10081,P. V. PTE LTD,PV_ADMIN@pvmail.com
10115,2021-09-03,CHIEF ANIMATOR,Deliver timely animation work tasks. Draw up production timeline and manage animation development team.,58980,2,10068,T. N. PTE LTD,TN_ADMIN@tnmail.com
10116,2021-01-17,CHIEF MARKETING OFFICER,Develop annual marketing strategy. Forecast and identify growth potential areas. Study and propose strategies for expanding sales market.,74124,7,10048,L. B. PTE LTD,LB_ADMIN@lbmail.com
10117,2021-09-13,PROCUREMENT OFFICER,Outsource services. Liaise with vendor to obtain quotation for annual procurement of company purchases.,56652,6,10074,D. H. PTE LTD,DH_ADMIN@dhmail.com
10118,2021-07-27,ACCOUNT MANAGER,Manage accounting tasks and timeline. Prepare accounting checks and update accounting presentation slides.,42048,5,10067,P. E. PTE LTD,PE_ADMIN@pemail.com
10119,2021-06-05,CHIEF ANIMATOR,Deliver timely animation work tasks. Draw up production timeline and manage animation development team.,51876,6,10046,L. J. PTE LTD,LJ_ADMIN@ljmail.com
10120,2021-07-03,CONTENT PRODUCER,Deliver content in a fast-paced environment. Analyse information on the go and work with chief editor in delivering a company-styled news content.,24228,5,10052,M. R. PTE LTD,MR_ADMIN@mrmail.com
10121,2021-08-04,CONTENT PRODUCER,Deliver content in a fast-paced environment. Analyse information on the go and work with chief editor in delivering a company-styled news content.,59568,4,10062,X. M. PTE LTD,XM_ADMIN@xmmail.com
10122,2021-11-27,SENIOR GRAPHICS DESIGNER,Draw up company design specifications and standards. Ensure adherence of company logo specifications.,81804,8,10058,V. Q. PTE LTD,VQ_ADMIN@vqmail.com
10123,2021-12-19,OPERATION MANAGER,Collaboration with agencies. Maintain production schedule and ensure manufacturing parts are ready for production.,25452,4,10051,S. I. PTE LTD,SI_ADMIN@simail.com
10124,2021-10-07,CHIEF SECURITY OFFICER,Implement Cybersecurity plan. Conduct training for best practices in cybesecurities.,67680,1,10088,Y. Y. PTE LTD,YY_ADMIN@yymail.com
10125,2021-12-02,GRAPHICS DESIGNER,Design visual communication materials. Produce company marketing graphics and support in crafting emailer.,29892,5,10058,V. Q. PTE LTD,VQ_ADMIN@vqmail.com
10126,2021-03-13,SENIOR DATABASE MANAGER,Build and maintain database systems. Source for new database systems and monitor database migration procedure and processes.,77928,1,10057,C. V. PTE LTD,CV_ADMIN@cvmail.com
10127,2021-03-07,DESIGNER DIRECTOR,Transform the art and design landscape. Spearhead bold and innovative design projects.,39456,9,10077,K. Y. PTE LTD,KY_ADMIN@kymail.com
10128,2021-08-12,SENIOR SOFTWARE ARCHITECT,Problem solving and troubleshooting. Design and implement information flow logics. Oversee adherence of company policies within software logics.,42492,1,10084,Q. V. PTE LTD,QV_ADMIN@qvmail.com
10129,2021-10-21,FRONTEND DEVELOPER,Use design tools and draw up design wireframes. Pull and source of new and refreshing design resources.,29844,5,10050,I. Y. PTE LTD,IY_ADMIN@iymail.com
10130,2021-06-20,WEB DEVELOPER,Create web application. Build web front-end. Coordinate with backend. Use design tools. Maintain website deployment process.,24528,4,10052,M. R. PTE LTD,MR_ADMIN@mrmail.com
10131,2021-11-07,CHIEF MARKETING OFFICER,Develop annual marketing strategy. Forecast and identify growth potential areas. Study and propose strategies for expanding sales market.,68820,4,10076,S. P. PTE LTD,SP_ADMIN@spmail.com
10132,2021-08-04,GAME ARCHITECT,Design and innovate and transform existing games. Propose and design game logics and winning criteria.,25104,4,10072,N. V. PTE LTD,NV_ADMIN@nvmail.com
10133,2021-01-02,WEB DESIGNER,Create web application. Build web front-end. Coordinate with backend. Use design tools. Maintain website deployment process.,68760,7,10088,Y. Y. PTE LTD,YY_ADMIN@yymail.com
10134,2021-09-07,OPERATION MANAGER,Collaboration with agencies. Maintain production schedule and ensure manufacturing parts are ready for production.,49464,1,10051,S. I. PTE LTD,SI_ADMIN@simail.com
10135,2021-03-15,LEAD SALES MANAGER,Deliver sales result. Device sales strategies with marketing and sales team.,74604,8,10062,X. M. PTE LTD,XM_ADMIN@xmmail.com
10136,2021-04-20,CHIEF SECURITY OFFICER,Implement Cybersecurity plan. Conduct training for best practices in cybesecurities.,39888,8,10078,R. N. PTE LTD,RN_ADMIN@rnmail.com
10137,2021-07-20,SENIOR FULLSTACK DEVELOPER,Conduct mentoring sessions in web development and backend development. Share experiences and support developers in training development,65700,4,10073,H. C. PTE LTD,HC_ADMIN@hcmail.com
10138,2021-12-02,DATABASE MANAGER,Maintain database and manage database. Check integrity of data. Carry out database batch processes. Remove expired data.,79104,4,10087,I. I. PTE LTD,II_ADMIN@iimail.com
10139,2021-06-06,CHIEF ENGINEER,Study and understand the issues surround a problem,54948,2,10079,Q. H. PTE LTD,QH_ADMIN@qhmail.com
10140,2021-10-08,ART THERAPIST,Design art programme and activities. Conduct talk for raising awareness in art therapies.,46788,4,10055,O. X. PTE LTD,OX_ADMIN@oxmail.com
10141,2021-05-27,CHIEF COMMUNICATION OFFICER,Communicate with agencies. Draw up communication timeline for new development and prepare users for launch information.,65664,8,10045,M. L. PTE LTD,ML_ADMIN@mlmail.com
10142,2021-07-15,SENIOR UI/UX DEVELOPER,Mentor younger UI/UX developers. Design customer-centric web and mobile app user interfaces.,80868,4,10052,M. R. PTE LTD,MR_ADMIN@mrmail.com
10143,2021-06-22,CHIEF MARKETING OFFICER,Develop annual marketing strategy. Forecast and identify growth potential areas. Study and propose strategies for expanding sales market.,47484,7,10088,Y. Y. PTE LTD,YY_ADMIN@yymail.com
10144,2021-02-27,CHIEF ENGINEER,Study and understand the issues surround a problem,40476,1,10064,V. J. PTE LTD,VJ_ADMIN@vjmail.com
10145,2021-04-21,SENIOR ACCOUNTANT,Tax Declaration and ensure compliance. Propose and implement proper accounting practices.,55200,5,10083,T. J. PTE LTD,TJ_ADMIN@tjmail.com
10146,2021-12-16,CHIEF TECHNOLOGY ENGINEER,Deliver and lead conferences in innovative development. Overall in charge of all company digital transformation plans.,46104,5,10077,K. Y. PTE LTD,KY_ADMIN@kymail.com
10147,2021-04-28,SOFTWARE ENGINEER,Design and create desktop application. Improve information flow in applications. Improve existing software designs and business logics.,26952,7,10071,Y. J. PTE LTD,YJ_ADMIN@yjmail.com
10148,2021-06-08,CHIEF TECHNOLOGY OFFICER,Deliver and lead conferences in innovative development. Draw up technology transformation roadmap.,66708,0,10063,L. F. PTE LTD,LF_ADMIN@lfmail.com
10149,2021-07-09,DATA SPECIALIST,Ensure integrity of data. Continuously explore new data insights and expand on data horizons. Generate new development pathways based on data findings.,79440,3,10061,D. G. PTE LTD,DG_ADMIN@dgmail.com
10150,2021-11-27,SENIOR SOFTWARE DEVELOPER,Clean code and architecture. Conduct unit tests and debug common programming errors.,39576,7,10046,L. J. PTE LTD,LJ_ADMIN@ljmail.com
10151,2021-09-27,SENIOR PRODUCT ENGINEER,Problem solving and troubleshooting. Oversee up and coming product development projects and support in ensuring smooth delivery of new launches.,78780,9,10053,T. U. PTE LTD,TU_ADMIN@tumail.com
10152,2021-12-23,LEAD SALES MANAGER,Deliver sales result. Device sales strategies with marketing and sales team.,61344,5,10049,O. K. PTE LTD,OK_ADMIN@okmail.com
10153,2021-10-11,SENIOR PRODUCT ENGINEER,Problem solving and troubleshooting. Oversee up and coming product development projects and support in ensuring smooth delivery of new launches.,26688,9,10063,L. F. PTE LTD,LF_ADMIN@lfmail.com
10154,2021-11-20,CONTENT PRODUCER,Deliver content in a fast-paced environment. Analyse information on the go and work with chief editor in delivering a company-styled news content.,58032,9,10069,S. H. PTE LTD,SH_ADMIN@shmail.com
10155,2021-04-15,DATA SPECIALIST,Ensure integrity of data. Continuously explore new data insights and expand on data horizons. Generate new development pathways based on data findings.,52872,4,10050,I. Y. PTE LTD,IY_ADMIN@iymail.com
10156,2021-05-05,PRODUCT DEVELOPMENT LEAD,Be in charge of product development and determine product specification for each production stages.,37920,6,10086,K. K. PTE LTD,KK_ADMIN@kkmail.com
10157,2021-12-22,SENIOR UI/UX DEVELOPER,Mentor younger UI/UX developers. Design customer-centric web and mobile app user interfaces.,79524,4,10063,L. F. PTE LTD,LF_ADMIN@lfmail.com
10158,2021-04-25,SENIOR SOFTWARE DEVELOPER,Clean code and architecture. Conduct unit tests and debug common programming errors.,24672,0,10044,B. J. PTE LTD,BJ_ADMIN@bjmail.com
10159,2021-11-02,SENIOR AUDITOR,Audit compliance. Highlight malpractice in accounting. Propose improvement in accounting practices.,33636,7,10051,S. I. PTE LTD,SI_ADMIN@simail.com
10160,2021-11-27,DATA ANALYST,Collect and analyse data. Present data findings and suggest appropriate reasons for the findings. Propose or advice on any improvement to be made on existing deliverables.,79476,8,10048,L. B. PTE LTD,LB_ADMIN@lbmail.com
10161,2021-03-01,CHIEF TECHNOLOGY ENGINEER,Deliver and lead conferences in innovative development. Overall in charge of all company digital transformation plans.,47232,2,10059,W. Q. PTE LTD,WQ_ADMIN@wqmail.com
10162,2021-06-18,SOFTWARE ENGINEER,Design and create desktop application. Improve information flow in applications. Improve existing software designs and business logics.,30204,6,10083,T. J. PTE LTD,TJ_ADMIN@tjmail.com
10163,2021-03-27,OPERATION MANAGER,Collaboration with agencies. Maintain production schedule and ensure manufacturing parts are ready for production.,57612,7,10085,U. F. PTE LTD,UF_ADMIN@ufmail.com
10164,2021-11-19,CHIEF TECHNOLOGY OFFICER,Deliver and lead conferences in innovative development. Draw up technology transformation roadmap.,46584,4,10090,A. A. PTE LTD,AA_ADMIN@aamail.com
10165,2021-11-15,SENIOR SOFTWARE DEVELOPER,Clean code and architecture. Conduct unit tests and debug common programming errors.,77592,7,10051,S. I. PTE LTD,SI_ADMIN@simail.com
10166,2021-11-10,PROJECT LEAD,Be in charge of project delivery. Check with all parties and lay out project timelines.,64488,7,10088,Y. Y. PTE LTD,YY_ADMIN@yymail.com
10167,2021-04-19,FULLSTACK DEVELOPER,Build both front and back-end web application. Work with web designers and database managers in the development.,82860,9,10067,P. E. PTE LTD,PE_ADMIN@pemail.com
10168,2021-03-16,SALES STRATEGY LEAD,Open up previously inaccessible sales channels and negotiate contractual terms and establish long term goals for company sales strategies.,52752,2,10067,P. E. PTE LTD,PE_ADMIN@pemail.com
10169,2021-06-06,CHIEF MARKETING OFFICER,Develop annual marketing strategy. Forecast and identify growth potential areas. Study and propose strategies for expanding sales market.,69900,7,10078,R. N. PTE LTD,RN_ADMIN@rnmail.com
10170,2021-05-12,PRODUCT DEVELOPMENT LEAD,Be in charge of product development and determine product specification for each production stages.,36384,1,10086,K. K. PTE LTD,KK_ADMIN@kkmail.com
10171,2021-05-24,SENIOR ACCOUNTANT,Tax Declaration and ensure compliance. Propose and implement proper accounting practices.,47280,10,10047,O. J. PTE LTD,OJ_ADMIN@ojmail.com
10172,2021-09-14,SALES MANAGER,Identify sales opportunities. Monitor sales data and identify sales trends. Analyse and recommend sales highlights.,49800,0,10087,I. I. PTE LTD,II_ADMIN@iimail.com
10173,2021-08-11,CHIEF EXECUTIVE OFFICER,Deliver and lead conferences in innovative development. Overall in charge of all company development and financial plans.,73320,1,10046,L. J. PTE LTD,LJ_ADMIN@ljmail.com
10174,2021-02-18,SALES MANAGER,Identify sales opportunities. Monitor sales data and identify sales trends. Analyse and recommend sales highlights.,64320,5,10054,P. V. PTE LTD,PV_ADMIN@pvmail.com
10175,2021-02-01,DATABASE MANAGER,Maintain database and manage database. Check integrity of data. Carry out database batch processes. Remove expired data.,57060,3,10043,Y. T. PTE LTD,YT_ADMIN@ytmail.com
10176,2021-05-25,SENIOR WEB DEVELOPER,Mentor younger web developers. Support and organise training in new web technologies.,28116,9,10087,I. I. PTE LTD,II_ADMIN@iimail.com
10177,2021-08-05,SENIOR PROJECT MANAGER,Compute sales and revenue and balance sheet. Ensure stakeholder management.,66084,5,10077,K. Y. PTE LTD,KY_ADMIN@kymail.com
10178,2021-07-22,OPERATION MANAGER,Collaboration with agencies. Maintain production schedule and ensure manufacturing parts are ready for production.,50940,4,10053,T. U. PTE LTD,TU_ADMIN@tumail.com
10179,2021-11-09,GAME ARCHITECT,Design and innovate and transform existing games. Propose and design game logics and winning criteria.,73176,9,10072,N. V. PTE LTD,NV_ADMIN@nvmail.com
10180,2021-08-02,PROJECT LEAD,Be in charge of project delivery. Check with all parties and lay out project timelines.,59592,8,10057,C. V. PTE LTD,CV_ADMIN@cvmail.com
10181,2021-07-03,CHIEF TECHNOLOGY OFFICER,Deliver and lead conferences in innovative development. Draw up technology transformation roadmap.,27576,5,10088,Y. Y. PTE LTD,YY_ADMIN@yymail.com
10182,2021-03-24,PRODUCT ENGINEER,Ensure product development. Test product quality and functionality. Ensure proper records of product behaviour.,54276,5,10049,O. K. PTE LTD,OK_ADMIN@okmail.com
10183,2021-12-19,UI/UX DEVELOPER,Create web application. Build web front-end. Coordinate with backend. Use design tools. Maintain website deployment process.,46284,7,10082,V. Q. PTE LTD,VQ_ADMIN@vqmail.com
10184,2021-11-21,LEAD SALES MANAGER,Deliver sales result. Device sales strategies with marketing and sales team.,54996,1,10068,T. N. PTE LTD,TN_ADMIN@tnmail.com
10185,2021-04-11,PRODUCT DEVELOPMENT LEAD,Be in charge of product development and determine product specification for each production stages.,69636,2,10081,P. V. PTE LTD,PV_ADMIN@pvmail.com
10186,2021-09-21,PRODUCT ENGINEER,Ensure product development. Test product quality and functionality. Ensure proper records of product behaviour.,50244,3,10055,O. X. PTE LTD,OX_ADMIN@oxmail.com
10187,2021-10-07,CHIEF PROCUREMENT OFFICER,Ensure proper procurement practices across all departments.,69180,2,10047,O. J. PTE LTD,OJ_ADMIN@ojmail.com
10188,2021-07-04,CHIEF PROCUREMENT OFFICER,Ensure proper procurement practices across all departments.,77472,2,10060,C. U. PTE LTD,CU_ADMIN@cumail.com
10189,2021-05-14,FULLSTACK DEVELOPER,Build both front and back-end web application. Work with web designers and database managers in the development.,53544,7,10071,Y. J. PTE LTD,YJ_ADMIN@yjmail.com
10190,2021-11-04,SENIOR SOFTWARE ENGINEER,Manage a team of engineers. Assist software manager in scheduling software maintenance cycles and processes.,68004,10,10062,X. M. PTE LTD,XM_ADMIN@xmmail.com
10191,2021-04-11,ART THERAPIST,Design art programme and activities. Conduct talk for raising awareness in art therapies.,60264,5,10071,Y. J. PTE LTD,YJ_ADMIN@yjmail.com
10192,2021-04-23,CHIEF OPERATION OFFICER,Supervise and guide the team in achieving productivity. ,65724,5,10062,X. M. PTE LTD,XM_ADMIN@xmmail.com
10193,2021-07-25,CUSTOMER RELATION OFFICER,Coordinate with clients. Problem solve issues raised by customers and and support in the tracking and communication of requests from customers.,51492,8,10074,D. H. PTE LTD,DH_ADMIN@dhmail.com
10194,2021-01-08,SENIOR SOFTWARE ARCHITECT,Problem solving and troubleshooting. Design and implement information flow logics. Oversee adherence of company policies within software logics.,32292,8,10048,L. B. PTE LTD,LB_ADMIN@lbmail.com
10195,2021-09-19,LEAD SALES MANAGER,Deliver sales result. Device sales strategies with marketing and sales team.,79392,5,10074,D. H. PTE LTD,DH_ADMIN@dhmail.com
10196,2021-03-16,DATABASE ADMINISTRATOR,Maintain database and manage database. Check integrity of data. Carry out database batch processes. Remove expired data.,71880,4,10049,O. K. PTE LTD,OK_ADMIN@okmail.com
10197,2021-05-27,FINTECH ENGINEER,Engineer financial products and problem-solve challenges in fintech.,55428,6,10082,V. Q. PTE LTD,VQ_ADMIN@vqmail.com
10198,2021-12-17,LEAD SALES MANAGER,Deliver sales result. Device sales strategies with marketing and sales team.,54132,0,10054,P. V. PTE LTD,PV_ADMIN@pvmail.com
10199,2021-07-01,WEB DEVELOPER,Create web application. Build web front-end. Coordinate with backend. Use design tools. Maintain website deployment process.,54120,6,10069,S. H. PTE LTD,SH_ADMIN@shmail.com
10200,2021-07-18,SOFTWARE ENGINEER,Design and create desktop application. Improve information flow in applications. Improve existing software designs and business logics.,51780,8,10063,L. F. PTE LTD,LF_ADMIN@lfmail.com
10201,2021-05-11,SENIOR PROJECT MANAGER,Compute sales and revenue and balance sheet. Ensure stakeholder management.,53016,10,10090,A. A. PTE LTD,AA_ADMIN@aamail.com
10202,2021-08-15,WEB DESIGNER,Create web application. Build web front-end. Coordinate with backend. Use design tools. Maintain website deployment process.,30564,6,10061,D. G. PTE LTD,DG_ADMIN@dgmail.com
10203,2021-03-07,CHIEF EXECUTIVE OFFICER,Deliver and lead conferences in innovative development. Overall in charge of all company development and financial plans.,41580,9,10053,T. U. PTE LTD,TU_ADMIN@tumail.com
10204,2021-01-20,SENIOR ACCOUNTANT,Tax Declaration and ensure compliance. Propose and implement proper accounting practices.,67524,8,10059,W. Q. PTE LTD,WQ_ADMIN@wqmail.com
10205,2021-02-17,SENIOR DATABASE MANAGER,Build and maintain database systems. Source for new database systems and monitor database migration procedure and processes.,83376,8,10079,Q. H. PTE LTD,QH_ADMIN@qhmail.com
10206,2021-09-26,SENIOR GRAPHICS DESIGNER,Draw up company design specifications and standards. Ensure adherence of company logo specifications.,41760,9,10048,L. B. PTE LTD,LB_ADMIN@lbmail.com
10207,2021-09-15,OPERATION MANAGER,Collaboration with agencies. Maintain production schedule and ensure manufacturing parts are ready for production.,26388,7,10080,K. W. PTE LTD,KW_ADMIN@kwmail.com
10208,2021-03-07,CONTENT PRODUCER,Deliver content in a fast-paced environment. Analyse information on the go and work with chief editor in delivering a company-styled news content.,83040,7,10049,O. K. PTE LTD,OK_ADMIN@okmail.com
10209,2021-10-14,SENIOR AUDITOR,Audit compliance. Highlight malpractice in accounting. Propose improvement in accounting practices.,28968,4,10067,P. E. PTE LTD,PE_ADMIN@pemail.com
10210,2021-12-18,MENTAL HEALTH COACH,Plan and conduct activities and promote good mental health,40968,6,10089,I. W. PTE LTD,IW_ADMIN@iwmail.com
10211,2021-09-24,PROJECT ADMINISTRATOR,Track product development. Assist project manager in administrative tasks like form submissions and presentation slides and preparation materials.,67800,2,10090,A. A. PTE LTD,AA_ADMIN@aamail.com
10212,2021-11-07,SENIOR ACCOUNTANT,Tax Declaration and ensure compliance. Propose and implement proper accounting practices.,30504,6,10081,P. V. PTE LTD,PV_ADMIN@pvmail.com
10213,2021-05-21,SENIOR SOFTWARE ARCHITECT,Problem solving and troubleshooting. Design and implement information flow logics. Oversee adherence of company policies within software logics.,69720,9,10044,B. J. PTE LTD,BJ_ADMIN@bjmail.com
10214,2021-05-16,SENIOR PRODUCT ENGINEER,Problem solving and troubleshooting. Oversee up and coming product development projects and support in ensuring smooth delivery of new launches.,56652,7,10058,V. Q. PTE LTD,VQ_ADMIN@vqmail.com
10215,2021-10-18,DESIGNER DIRECTOR,Transform the art and design landscape. Spearhead bold and innovative design projects.,39384,6,10064,V. J. PTE LTD,VJ_ADMIN@vjmail.com
10216,2021-04-22,SENIOR SOFTWARE ENGINEER,Manage a team of engineers. Assist software manager in scheduling software maintenance cycles and processes.,41796,10,10050,I. Y. PTE LTD,IY_ADMIN@iymail.com
10217,2021-05-21,OPERATION MANAGER,Collaboration with agencies. Maintain production schedule and ensure manufacturing parts are ready for production.,52476,1,10070,U. Y. PTE LTD,UY_ADMIN@uymail.com
10218,2021-06-22,CHIEF OF DESIGN,Transform the art and design landscape. Spearhead bold and innovative design projects.,74640,8,10088,Y. Y. PTE LTD,YY_ADMIN@yymail.com
10219,2021-09-13,DESIGNER DIRECTOR,Transform the art and design landscape. Spearhead bold and innovative design projects.,29364,3,10043,Y. T. PTE LTD,YT_ADMIN@ytmail.com
10220,2021-09-16,ACCOUNT MANAGER,Manage accounting tasks and timeline. Prepare accounting checks and update accounting presentation slides.,58344,8,10074,D. H. PTE LTD,DH_ADMIN@dhmail.com
10221,2021-03-19,FULLSTACK DEVELOPER,Build both front and back-end web application. Work with web designers and database managers in the development.,41652,2,10044,B. J. PTE LTD,BJ_ADMIN@bjmail.com
10222,2021-11-22,CHIEF TECHNOLOGY OFFICER,Deliver and lead conferences in innovative development. Draw up technology transformation roadmap.,36780,3,10084,Q. V. PTE LTD,QV_ADMIN@qvmail.com
10223,2021-02-22,SENIOR WEB DEVELOPER,Mentor younger web developers. Support and organise training in new web technologies.,42996,4,10045,M. L. PTE LTD,ML_ADMIN@mlmail.com
10224,2021-10-23,SENIOR GRAPHICS DESIGNER,Draw up company design specifications and standards. Ensure adherence of company logo specifications.,28224,0,10047,O. J. PTE LTD,OJ_ADMIN@ojmail.com
10225,2021-06-26,MENTAL HEALTH COACH,Plan and conduct activities and promote good mental health,65292,7,10043,Y. T. PTE LTD,YT_ADMIN@ytmail.com
10226,2021-09-09,SALES STRATEGY LEAD,Open up previously inaccessible sales channels and negotiate contractual terms and establish long term goals for company sales strategies.,28488,2,10091,A. A. PTE LTD,AA_ADMIN@aamail.com
10227,2021-09-21,SENIOR ACCOUNTANT,Tax Declaration and ensure compliance. Propose and implement proper accounting practices.,61572,4,10052,M. R. PTE LTD,MR_ADMIN@mrmail.com
10228,2021-10-12,SALES STRATEGY LEAD,Open up previously inaccessible sales channels and negotiate contractual terms and establish long term goals for company sales strategies.,37668,5,10076,S. P. PTE LTD,SP_ADMIN@spmail.com
10229,2021-10-24,UI/UX DEVELOPER,Create web application. Build web front-end. Coordinate with backend. Use design tools. Maintain website deployment process.,63324,5,10062,X. M. PTE LTD,XM_ADMIN@xmmail.com
10230,2021-02-23,SENIOR UI/UX DEVELOPER,Mentor younger UI/UX developers. Design customer-centric web and mobile app user interfaces.,76272,1,10057,C. V. PTE LTD,CV_ADMIN@cvmail.com
10231,2021-06-16,SOFTWARE ENGINEER,Design and create desktop application. Improve information flow in applications. Improve existing software designs and business logics.,25536,10,10086,K. K. PTE LTD,KK_ADMIN@kkmail.com
10232,2021-08-14,CHIEF TECHNOLOGY OFFICER,Deliver and lead conferences in innovative development. Draw up technology transformation roadmap.,27504,8,10068,T. N. PTE LTD,TN_ADMIN@tnmail.com
10233,2021-02-28,CHIEF TECHNOLOGY ENGINEER,Deliver and lead conferences in innovative development. Overall in charge of all company digital transformation plans.,52968,9,10049,O. K. PTE LTD,OK_ADMIN@okmail.com
10234,2021-12-20,CHIEF TECHNOLOGY OFFICER,Deliver and lead conferences in innovative development. Draw up technology transformation roadmap.,80400,1,10073,H. C. PTE LTD,HC_ADMIN@hcmail.com
10235,2021-10-23,MUSIC THERAPIST,Design music programme and activities.  Conduct talk for raising awareness in music therapies.,27672,7,10062,X. M. PTE LTD,XM_ADMIN@xmmail.com
10236,2021-04-23,WEB DEVELOPER,Create web application. Build web front-end. Coordinate with backend. Use design tools. Maintain website deployment process.,42576,0,10061,D. G. PTE LTD,DG_ADMIN@dgmail.com
10237,2021-09-23,SOFTWARE ENGINEER,Design and create desktop application. Improve information flow in applications. Improve existing software designs and business logics.,76044,1,10045,M. L. PTE LTD,ML_ADMIN@mlmail.com
10238,2021-02-19,DATA ANALYST,Collect and analyse data. Present data findings and suggest appropriate reasons for the findings. Propose or advice on any improvement to be made on existing deliverables.,63840,7,10078,R. N. PTE LTD,RN_ADMIN@rnmail.com
10239,2021-07-27,CHIEF FINANCIAL OFFICER,Regular checks on the company assets. Chair budget meetings and handle all budget requests from every department.,74196,9,10050,I. Y. PTE LTD,IY_ADMIN@iymail.com
10240,2021-09-07,CHIEF ENGINEER,Study and understand the issues surround a problem,40068,6,10054,P. V. PTE LTD,PV_ADMIN@pvmail.com
10241,2021-05-13,SOFTWARE ENGINEER,Design and create desktop application. Improve information flow in applications. Improve existing software designs and business logics.,82824,5,10061,D. G. PTE LTD,DG_ADMIN@dgmail.com
10242,2021-08-25,CHIEF OF SALES AND MARKETING,Oversee both sales and marketing branches and improving synergy and develop new communication channels for product launches.,82872,4,10051,S. I. PTE LTD,SI_ADMIN@simail.com
10243,2021-01-24,CHIEF EXECUTIVE OFFICER,Deliver and lead conferences in innovative development. Overall in charge of all company development and financial plans.,27216,6,10072,N. V. PTE LTD,NV_ADMIN@nvmail.com
10244,2021-11-17,SENIOR WEB DEVELOPER,Mentor younger web developers. Support and organise training in new web technologies.,71316,3,10056,Y. Q. PTE LTD,YQ_ADMIN@yqmail.com
10245,2021-03-23,CHIEF OPERATION OFFICER,Supervise and guide the team in achieving productivity. ,73236,10,10055,O. X. PTE LTD,OX_ADMIN@oxmail.com
10246,2021-02-24,CHIEF COMMUNICATION OFFICER,Communicate with agencies. Draw up communication timeline for new development and prepare users for launch information.,68244,3,10063,L. F. PTE LTD,LF_ADMIN@lfmail.com
10247,2021-04-06,FULLSTACK DEVELOPER,Build both front and back-end web application. Work with web designers and database managers in the development.,38664,7,10055,O. X. PTE LTD,OX_ADMIN@oxmail.com
10248,2021-09-16,DATABASE MANAGER,Maintain database and manage database. Check integrity of data. Carry out database batch processes. Remove expired data.,39660,3,10067,P. E. PTE LTD,PE_ADMIN@pemail.com
10249,2021-05-17,SENIOR DATABASE MANAGER,Build and maintain database systems. Source for new database systems and monitor database migration procedure and processes.,77412,6,10043,Y. T. PTE LTD,YT_ADMIN@ytmail.com
10250,2021-11-09,HUMAN RESOURCE EXECUTIVE,HeadHunt for talents and recommend matching jobs. Ensure payroll and employee data are properly recorded.,39588,9,10081,P. V. PTE LTD,PV_ADMIN@pvmail.com
10251,2021-03-14,SENIOR DATABASE MANAGER,Build and maintain database systems. Source for new database systems and monitor database migration procedure and processes.,82824,1,10054,P. V. PTE LTD,PV_ADMIN@pvmail.com
10252,2021-10-03,FINTECH ENGINEER,Engineer financial products and problem-solve challenges in fintech.,46860,1,10075,C. K. PTE LTD,CK_ADMIN@ckmail.com
10253,2021-09-04,MENTAL HEALTH COACH,Plan and conduct activities and promote good mental health,34116,10,10071,Y. J. PTE LTD,YJ_ADMIN@yjmail.com
10254,2021-06-17,CHIEF MARKETING OFFICER,Develop annual marketing strategy. Forecast and identify growth potential areas. Study and propose strategies for expanding sales market.,69312,1,10090,A. A. PTE LTD,AA_ADMIN@aamail.com
10255,2021-10-22,PRODUCT ENGINEER,Ensure product development. Test product quality and functionality. Ensure proper records of product behaviour.,78684,5,10058,V. Q. PTE LTD,VQ_ADMIN@vqmail.com
10256,2021-04-19,SENIOR UI/UX DEVELOPER,Mentor younger UI/UX developers. Design customer-centric web and mobile app user interfaces.,52836,6,10070,U. Y. PTE LTD,UY_ADMIN@uymail.com
10257,2021-07-01,SENIOR PRODUCT ENGINEER,Problem solving and troubleshooting. Oversee up and coming product development projects and support in ensuring smooth delivery of new launches.,74496,8,10075,C. K. PTE LTD,CK_ADMIN@ckmail.com
10258,2021-03-14,CONTENT PRODUCER,Deliver content in a fast-paced environment. Analyse information on the go and work with chief editor in delivering a company-styled news content.,24816,5,10087,I. I. PTE LTD,II_ADMIN@iimail.com
10259,2021-07-22,CHIEF PROCUREMENT OFFICER,Ensure proper procurement practices across all departments.,80520,2,10047,O. J. PTE LTD,OJ_ADMIN@ojmail.com
10260,2021-08-08,PRODUCT MANAGER,Coordinate product development projects with team of product engineers.,34920,5,10044,B. J. PTE LTD,BJ_ADMIN@bjmail.com
10261,2021-09-12,CHIEF TECHNOLOGY ENGINEER,Deliver and lead conferences in innovative development. Overall in charge of all company digital transformation plans.,54588,6,10086,K. K. PTE LTD,KK_ADMIN@kkmail.com
10262,2021-05-09,SENIOR PRODUCT ENGINEER,Problem solving and troubleshooting. Oversee up and coming product development projects and support in ensuring smooth delivery of new launches.,61836,1,10049,O. K. PTE LTD,OK_ADMIN@okmail.com
10263,2021-05-10,FULLSTACK DEVELOPER,Build both front and back-end web application. Work with web designers and database managers in the development.,55572,4,10049,O. K. PTE LTD,OK_ADMIN@okmail.com
10264,2021-01-25,GAME ARCHITECT,Design and innovate and transform existing games. Propose and design game logics and winning criteria.,37896,7,10066,E. M. PTE LTD,EM_ADMIN@emmail.com
10265,2021-01-13,DESIGNER DIRECTOR,Transform the art and design landscape. Spearhead bold and innovative design projects.,37992,3,10069,S. H. PTE LTD,SH_ADMIN@shmail.com
10266,2021-11-19,PROGRAMMING TRAINER,Conduct training in multiple programming languages. Prepare training curriculum and and training materials. Coordinate training schedules with trainees.,38160,7,10084,Q. V. PTE LTD,QV_ADMIN@qvmail.com
10267,2021-01-11,SALES STRATEGY LEAD,Open up previously inaccessible sales channels and negotiate contractual terms and establish long term goals for company sales strategies.,36588,7,10073,H. C. PTE LTD,HC_ADMIN@hcmail.com
10268,2021-02-23,WEB DESIGNER,Create web application. Build web front-end. Coordinate with backend. Use design tools. Maintain website deployment process.,71280,5,10084,Q. V. PTE LTD,QV_ADMIN@qvmail.com
10269,2021-07-05,MUSIC THERAPIST,Design music programme and activities.  Conduct talk for raising awareness in music therapies.,82140,2,10052,M. R. PTE LTD,MR_ADMIN@mrmail.com
10270,2021-12-26,PROJECT ADMINISTRATOR,Track product development. Assist project manager in administrative tasks like form submissions and presentation slides and preparation materials.,28536,3,10083,T. J. PTE LTD,TJ_ADMIN@tjmail.com
10271,2021-05-13,DATA ANALYST,Collect and analyse data. Present data findings and suggest appropriate reasons for the findings. Propose or advice on any improvement to be made on existing deliverables.,46632,9,10044,B. J. PTE LTD,BJ_ADMIN@bjmail.com
10272,2021-10-02,OPERATION MANAGER,Collaboration with agencies. Maintain production schedule and ensure manufacturing parts are ready for production.,81972,3,10086,K. K. PTE LTD,KK_ADMIN@kkmail.com
10273,2021-04-09,DATABASE MANAGER,Maintain database and manage database. Check integrity of data. Carry out database batch processes. Remove expired data.,70020,8,10049,O. K. PTE LTD,OK_ADMIN@okmail.com
10274,2021-06-13,CHIEF ENGINEER,Study and understand the issues surround a problem,33912,2,10068,T. N. PTE LTD,TN_ADMIN@tnmail.com
10275,2021-10-08,DATA SPECIALIST,Ensure integrity of data. Continuously explore new data insights and expand on data horizons. Generate new development pathways based on data findings.,66864,3,10077,K. Y. PTE LTD,KY_ADMIN@kymail.com
10276,2021-12-07,SENIOR GRAPHICS DESIGNER,Draw up company design specifications and standards. Ensure adherence of company logo specifications.,28896,1,10085,U. F. PTE LTD,UF_ADMIN@ufmail.com
10277,2021-07-17,DATABASE ADMINISTRATOR,Maintain database and manage database. Check integrity of data. Carry out database batch processes. Remove expired data.,80892,10,10050,I. Y. PTE LTD,IY_ADMIN@iymail.com
10278,2021-12-13,SENIOR SOFTWARE DEVELOPER,Clean code and architecture. Conduct unit tests and debug common programming errors.,49536,5,10070,U. Y. PTE LTD,UY_ADMIN@uymail.com
10279,2021-02-22,SENIOR FULLSTACK DEVELOPER,Conduct mentoring sessions in web development and backend development. Share experiences and support developers in training development,30972,3,10054,P. V. PTE LTD,PV_ADMIN@pvmail.com
10280,2021-05-26,MENTAL HEALTH COACH,Plan and conduct activities and promote good mental health,68712,4,10077,K. Y. PTE LTD,KY_ADMIN@kymail.com
10281,2021-09-16,LEAD SALES MANAGER,Deliver sales result. Device sales strategies with marketing and sales team.,71760,3,10073,H. C. PTE LTD,HC_ADMIN@hcmail.com
10282,2021-09-19,SENIOR PROJECT MANAGER,Compute sales and revenue and balance sheet. Ensure stakeholder management.,70716,5,10070,U. Y. PTE LTD,UY_ADMIN@uymail.com
10283,2021-07-17,PRODUCT MANAGER,Coordinate product development projects with team of product engineers.,49008,9,10067,P. E. PTE LTD,PE_ADMIN@pemail.com
10284,2021-03-12,HUMAN RESOURCE EXECUTIVE,HeadHunt for talents and recommend matching jobs. Ensure payroll and employee data are properly recorded.,41448,9,10046,L. J. PTE LTD,LJ_ADMIN@ljmail.com
10285,2021-07-02,UI/UX DEVELOPER,Create web application. Build web front-end. Coordinate with backend. Use design tools. Maintain website deployment process.,74808,9,10046,L. J. PTE LTD,LJ_ADMIN@ljmail.com
10286,2021-04-14,DATA ANALYST,Collect and analyse data. Present data findings and suggest appropriate reasons for the findings. Propose or advice on any improvement to be made on existing deliverables.,82800,10,10045,M. L. PTE LTD,ML_ADMIN@mlmail.com
10287,2021-08-09,CHIEF COMMUNICATION OFFICER,Communicate with agencies. Draw up communication timeline for new development and prepare users for launch information.,72240,7,10090,A. A. PTE LTD,AA_ADMIN@aamail.com
10288,2021-02-08,PROJECT ADMINISTRATOR,Track product development. Assist project manager in administrative tasks like form submissions and presentation slides and preparation materials.,27660,3,10090,A. A. PTE LTD,AA_ADMIN@aamail.com
10289,2021-08-21,SENIOR DATABASE MANAGER,Build and maintain database systems. Source for new database systems and monitor database migration procedure and processes.,49524,7,10072,N. V. PTE LTD,NV_ADMIN@nvmail.com
10290,2021-04-06,PRODUCT ENGINEER,Ensure product development. Test product quality and functionality. Ensure proper records of product behaviour.,41016,5,10086,K. K. PTE LTD,KK_ADMIN@kkmail.com
10291,2021-10-26,GAME DEVELOPER,Build and design mobile game for cater to diverse gamers communities. Implement game features following tight development timeline.,34704,0,10073,H. C. PTE LTD,HC_ADMIN@hcmail.com
10292,2021-11-14,ART THERAPIST,Design art programme and activities. Conduct talk for raising awareness in art therapies.,47976,5,10086,K. K. PTE LTD,KK_ADMIN@kkmail.com
10293,2021-08-18,CHIEF INNOVATION OFFICER,Deliver and lead conferences in innovative development,48588,9,10049,O. K. PTE LTD,OK_ADMIN@okmail.com
10294,2021-03-25,CHIEF OF DESIGN,Transform the art and design landscape. Spearhead bold and innovative design projects.,62400,7,10053,T. U. PTE LTD,TU_ADMIN@tumail.com
10295,2021-09-20,SENIOR PRODUCT ENGINEER,Problem solving and troubleshooting. Oversee up and coming product development projects and support in ensuring smooth delivery of new launches.,31872,7,10089,I. W. PTE LTD,IW_ADMIN@iwmail.com
10296,2021-02-16,PROJECT ADMINISTRATOR,Track product development. Assist project manager in administrative tasks like form submissions and presentation slides and preparation materials.,48996,1,10080,K. W. PTE LTD,KW_ADMIN@kwmail.com
10297,2021-12-22,PRODUCT DEVELOPMENT LEAD,Be in charge of product development and determine product specification for each production stages.,73200,7,10050,I. Y. PTE LTD,IY_ADMIN@iymail.com
10298,2021-12-26,CHIEF OPERATION OFFICER,Supervise and guide the team in achieving productivity. ,24180,4,10067,P. E. PTE LTD,PE_ADMIN@pemail.com
10299,2021-05-27,FINTECH ENGINEER,Engineer financial products and problem-solve challenges in fintech.,78984,7,10043,Y. T. PTE LTD,YT_ADMIN@ytmail.com
